"","pclass","name","sex","age","sibsp","parch","ticket","fare","cabin","embarked","survived","fare_distance","survived_rf","survived_probit"
"1","3","Kelly, Mr. James","male",34.5,0,0,"330911",7.8292,"","Q",0,-5.47368870056497,"0",0
"2","3","Wilkes, Mrs. James (Ellen Needs)","female",47,1,0,"363272",7,"","S",0,-6.30288870056497,"0",0
"3","2","Myles, Mr. Thomas Francis","male",62,0,0,"240276",9.6875,"","Q",0,-11.4916963898917,"0",0
"4","3","Wirz, Mr. Albert","male",27,0,0,"315154",8.6625,"","S",0,-4.64038870056497,"0",0
"5","3","Hirvonen, Mrs. Alexander (Helga E Lindqvist)","female",22,1,1,"3101298",12.2875,"","S",0,-1.01538870056497,"1",0
"6","3","Svensson, Mr. Johan Cervin","male",14,0,0,"7538",9.225,"","S",0,-4.07788870056497,"0",0
"7","3","Connolly, Miss. Kate","female",30,0,0,"330972",7.6292,"","Q",0,-5.67368870056497,"0",0
"8","2","Caldwell, Mr. Albert Francis","male",26,1,1,"248738",29,"","S",0,7.8208036101083,"0",0
"9","3","Abrahim, Mrs. Joseph (Sophie Halaut Easu)","female",18,0,0,"2657",7.2292,"","C",0,-6.07368870056497,"1",0
"10","3","Davies, Mr. John Samuel","male",21,2,0,"A/4 48871",24.15,"","S",0,10.847111299435,"0",0
"11","3","Ilieff, Mr. Ylio","male",NA,0,0,"349220",7.8958,"","S",NA,-5.40708870056497,NA,NA
"12","1","Jones, Mr. Charles Cresson","male",46,0,0,"694",26,"","S",0,-61.5089916408669,"0",0
"13","1","Snyder, Mrs. John Pillsbury (Nelle Stevenson)","female",23,1,0,"21228",82.2667,"B45","S",1,-5.24229164086687,"1",1
"14","2","Howard, Mr. Benjamin","male",63,1,0,"24065",26,"","S",0,4.8208036101083,"0",0
"15","1","Chaffee, Mrs. Herbert Fuller (Carrie Constance Toogood)","female",47,1,0,"W.E.P. 5734",61.175,"E31","S",1,-26.3339916408669,"1",1
"16","2","del Carlo, Mrs. Sebastiano (Argenia Genovesi)","female",24,1,0,"SC/PARIS 2167",27.7208,"","C",1,6.5416036101083,"1",1
"17","2","Keane, Mr. Daniel","male",35,0,0,"233734",12.35,"","Q",0,-8.8291963898917,"0",0
"18","3","Assaf, Mr. Gerios","male",21,0,0,"2692",7.225,"","C",0,-6.07788870056497,"0",0
"19","3","Ilmakangas, Miss. Ida Livija","female",27,1,0,"STON/O2. 3101270",7.925,"","S",0,-5.37788870056497,"1",0
"20","3","Assaf Khalil, Mrs. Mariana (Miriam"")""","female",45,0,0,"2696",7.225,"","C",0,-6.07788870056497,"0",0
"21","1","Rothschild, Mr. Martin","male",55,1,0,"PC 17603",59.4,"","C",0,-28.1089916408669,"0",0
"22","3","Olsen, Master. Artur Karl","male",9,0,1,"C 17368",3.1708,"","S",0,-10.132088700565,"0",0
"23","1","Flegenheim, Mrs. Alfred (Antoinette)","female",NA,0,0,"PC 17598",31.6833,"","S",NA,-55.8256916408669,NA,NA
"24","1","Williams, Mr. Richard Norris II","male",21,0,1,"PC 17597",61.3792,"","C",0,-26.1297916408669,"0",0
"25","1","Ryerson, Mrs. Arthur Larned (Emily Maria Borie)","female",48,1,3,"PC 17608",262.375,"B57 B59 B63 B66","C",1,174.866008359133,"1",1
"26","3","Robins, Mr. Alexander A","male",50,1,0,"A/5. 3337",14.5,"","S",0,1.19711129943503,"0",0
"27","1","Ostby, Miss. Helene Ragnhild","female",22,0,1,"113509",61.9792,"B36","C",1,-25.5297916408669,"1",1
"28","3","Daher, Mr. Shedid","male",22.5,0,0,"2698",7.225,"","C",0,-6.07788870056497,"0",0
"29","1","Brady, Mr. John Bertram","male",41,0,0,"113054",30.5,"A21","S",0,-57.0089916408669,"0",0
"30","3","Samaan, Mr. Elias","male",NA,2,0,"2662",21.6792,"","C",NA,8.37631129943503,NA,NA
"31","2","Louch, Mr. Charles Alexander","male",50,1,0,"SC/AH 3085",26,"","S",0,4.8208036101083,"0",0
"32","2","Jefferys, Mr. Clifford Thomas","male",24,2,0,"C.A. 31029",31.5,"","S",0,10.3208036101083,"0",0
"33","3","Dean, Mrs. Bertram (Eva Georgetta Light)","female",33,1,2,"C.A. 2315",20.575,"","S",0,7.27211129943503,"1",0
"34","3","Johnston, Mrs. Andrew G (Elizabeth Lily"" Watson)""","female",NA,1,2,"W./C. 6607",23.45,"","S",NA,10.147111299435,NA,NA
"35","1","Mock, Mr. Philipp Edmund","male",30,1,0,"13236",57.75,"C78","C",0,-29.7589916408669,"0",0
"36","3","Katavelas, Mr. Vassilios (Catavelas Vassilios"")""","male",18.5,0,0,"2682",7.2292,"","C",0,-6.07368870056497,"0",0
"37","3","Roth, Miss. Sarah A","female",NA,0,0,"342712",8.05,"","S",NA,-5.25288870056497,NA,NA
"38","3","Cacic, Miss. Manda","female",21,0,0,"315087",8.6625,"","S",0,-4.64038870056497,"0",0
"39","3","Sap, Mr. Julius","male",25,0,0,"345768",9.5,"","S",0,-3.80288870056497,"0",0
"40","3","Hee, Mr. Ling","male",NA,0,0,"1601",56.4958,"","S",NA,43.192911299435,NA,NA
"41","3","Karun, Mr. Franz","male",39,0,1,"349256",13.4167,"","C",0,0.113811299435028,"0",0
"42","1","Franklin, Mr. Thomas Parham","male",NA,0,0,"113778",26.55,"D34","S",NA,-60.9589916408669,NA,NA
"43","3","Goldsmith, Mr. Nathan","male",41,0,0,"SOTON/O.Q. 3101263",7.85,"","S",0,-5.45288870056497,"0",0
"44","2","Corbett, Mrs. Walter H (Irene Colvin)","female",30,0,0,"237249",13,"","S",1,-8.1791963898917,"1",1
"45","1","Kimball, Mrs. Edwin Nelson Jr (Gertrude Parsons)","female",45,1,0,"11753",52.5542,"D19","S",1,-34.9547916408669,"1",1
"46","3","Peltomaki, Mr. Nikolai Johannes","male",25,0,0,"STON/O 2. 3101291",7.925,"","S",0,-5.37788870056497,"0",0
"47","1","Chevre, Mr. Paul Romaine","male",45,0,0,"PC 17594",29.7,"A9","C",0,-57.8089916408669,"0",0
"48","3","Shaughnessy, Mr. Patrick","male",NA,0,0,"370374",7.75,"","Q",NA,-5.55288870056497,NA,NA
"49","1","Bucknell, Mrs. William Robert (Emma Eliza Ward)","female",60,0,0,"11813",76.2917,"D15","C",1,-11.2172916408669,"1",1
"50","3","Coutts, Mrs. William (Winnie Minnie"" Treanor)""","female",36,0,2,"C.A. 37671",15.9,"","S",0,2.59711129943503,"1",0
"51","1","Smith, Mr. Lucien Philip","male",24,1,0,"13695",60,"C31","S",0,-27.5089916408669,"0",0
"52","2","Pulbaum, Mr. Franz","male",27,0,0,"SC/PARIS 2168",15.0333,"","C",0,-6.1458963898917,"0",0
"53","2","Hocking, Miss. Ellen Nellie""""","female",20,2,1,"29105",23,"","S",1,1.8208036101083,"1",1
"54","1","Fortune, Miss. Ethel Flora","female",28,3,2,"19950",263,"C23 C25 C27","S",1,175.491008359133,"1",1
"55","2","Mangiavacchi, Mr. Serafino Emilio","male",NA,0,0,"SC/A.3 2861",15.5792,"","C",NA,-5.5999963898917,NA,NA
"56","3","Rice, Master. Albert","male",10,4,1,"382652",29.125,"","Q",0,15.822111299435,"0",0
"57","3","Cor, Mr. Bartol","male",35,0,0,"349230",7.8958,"","S",0,-5.40708870056497,"0",0
"58","3","Abelseth, Mr. Olaus Jorgensen","male",25,0,0,"348122",7.65,"F G63","S",0,-5.65288870056497,"0",0
"59","3","Davison, Mr. Thomas Henry","male",NA,1,0,"386525",16.1,"","S",NA,2.79711129943503,NA,NA
"60","1","Chaudanson, Miss. Victorine","female",36,0,0,"PC 17608",262.375,"B61","C",1,174.866008359133,"1",1
"61","3","Dika, Mr. Mirko","male",17,0,0,"349232",7.8958,"","S",0,-5.40708870056497,"0",0
"62","2","McCrae, Mr. Arthur Gordon","male",32,0,0,"237216",13.5,"","S",0,-7.6791963898917,"0",0
"63","3","Bjorklund, Mr. Ernst Herbert","male",18,0,0,"347090",7.75,"","S",0,-5.55288870056497,"0",0
"64","3","Bradley, Miss. Bridget Delia","female",22,0,0,"334914",7.725,"","Q",0,-5.57788870056497,"1",0
"65","1","Ryerson, Master. John Borie","male",13,2,2,"PC 17608",262.375,"B57 B59 B63 B66","C",0,174.866008359133,"0",0
"66","2","Corey, Mrs. Percy C (Mary Phyllis Elizabeth Miller)","female",NA,0,0,"F.C.C. 13534",21,"","S",NA,-0.179196389891697,NA,NA
"67","3","Burns, Miss. Mary Delia","female",18,0,0,"330963",7.8792,"","Q",0,-5.42368870056497,"1",0
"68","1","Moore, Mr. Clarence Bloomfield","male",47,0,0,"113796",42.4,"","S",0,-45.1089916408669,"0",0
"69","1","Tucker, Mr. Gilbert Milligan Jr","male",31,0,0,"2543",28.5375,"C53","C",0,-58.9714916408669,"0",0
"70","1","Fortune, Mrs. Mark (Mary McDougald)","female",60,1,4,"19950",263,"C23 C25 C27","S",1,175.491008359133,"1",1
"71","3","Mulvihill, Miss. Bertha E","female",24,0,0,"382653",7.75,"","Q",0,-5.55288870056497,"1",0
"72","3","Minkoff, Mr. Lazar","male",21,0,0,"349211",7.8958,"","S",0,-5.40708870056497,"0",0
"73","3","Nieminen, Miss. Manta Josefina","female",29,0,0,"3101297",7.925,"","S",0,-5.37788870056497,"0",0
"74","1","Ovies y Rodriguez, Mr. Servando","male",28.5,0,0,"PC 17562",27.7208,"D43","C",0,-59.7881916408669,"0",0
"75","1","Geiger, Miss. Amalie","female",35,0,0,"113503",211.5,"C130","C",1,123.991008359133,"1",1
"76","1","Keeping, Mr. Edwin","male",32.5,0,0,"113503",211.5,"C132","C",0,123.991008359133,"0",0
"77","3","Miles, Mr. Frank","male",NA,0,0,"359306",8.05,"","S",NA,-5.25288870056497,NA,NA
"78","1","Cornell, Mrs. Robert Clifford (Malvina Helen Lamson)","female",55,2,0,"11770",25.7,"C101","S",1,-61.8089916408669,"1",1
"79","2","Aldworth, Mr. Charles Augustus","male",30,0,0,"248744",13,"","S",0,-8.1791963898917,"0",0
"80","3","Doyle, Miss. Elizabeth","female",24,0,0,"368702",7.75,"","Q",0,-5.55288870056497,"1",0
"81","3","Boulos, Master. Akar","male",6,1,1,"2678",15.2458,"","C",0,1.94291129943503,"1",0
"82","1","Straus, Mr. Isidor","male",67,1,0,"PC 17483",221.7792,"C55 C57","S",0,134.270208359133,"0",0
"83","1","Case, Mr. Howard Brown","male",49,0,0,"19924",26,"","S",0,-61.5089916408669,"0",0
"84","3","Demetri, Mr. Marinko","male",NA,0,0,"349238",7.8958,"","S",NA,-5.40708870056497,NA,NA
"85","2","Lamb, Mr. John Joseph","male",NA,0,0,"240261",10.7083,"","Q",NA,-10.4708963898917,NA,NA
"86","3","Khalil, Mr. Betros","male",NA,1,0,"2660",14.4542,"","C",NA,1.15131129943503,NA,NA
"87","3","Barry, Miss. Julia","female",27,0,0,"330844",7.8792,"","Q",0,-5.42368870056497,"1",0
"88","3","Badman, Miss. Emily Louisa","female",18,0,0,"A/4 31416",8.05,"","S",0,-5.25288870056497,"1",0
"89","3","O'Donoghue, Ms. Bridget","female",NA,0,0,"364856",7.75,"","Q",NA,-5.55288870056497,NA,NA
"90","2","Wells, Master. Ralph Lester","male",2,1,1,"29103",23,"","S",0,1.8208036101083,"1",0
"91","3","Dyker, Mrs. Adolf Fredrik (Anna Elisabeth Judith Andersson)","female",22,1,0,"347072",13.9,"","S",0,0.597111299435028,"0",0
"92","3","Pedersen, Mr. Olaf","male",NA,0,0,"345498",7.775,"","S",NA,-5.52788870056497,NA,NA
"93","1","Davidson, Mrs. Thornton (Orian Hays)","female",27,1,2,"F.C. 12750",52,"B71","S",1,-35.5089916408669,"1",1
"94","3","Guest, Mr. Robert","male",NA,0,0,"376563",8.05,"","S",NA,-5.25288870056497,NA,NA
"95","1","Birnbaum, Mr. Jakob","male",25,0,0,"13905",26,"","C",0,-61.5089916408669,"0",0
"96","3","Tenglin, Mr. Gunnar Isidor","male",25,0,0,"350033",7.7958,"","S",0,-5.50708870056497,"0",0
"97","1","Cavendish, Mrs. Tyrell William (Julia Florence Siegel)","female",76,1,0,"19877",78.85,"C46","S",1,-8.65899164086687,"1",1
"98","3","Makinen, Mr. Kalle Edvard","male",29,0,0,"STON/O 2. 3101268",7.925,"","S",0,-5.37788870056497,"0",0
"99","3","Braf, Miss. Elin Ester Maria","female",20,0,0,"347471",7.8542,"","S",0,-5.44868870056497,"1",0
"100","3","Nancarrow, Mr. William Henry","male",33,0,0,"A./5. 3338",8.05,"","S",0,-5.25288870056497,"0",0
"101","1","Stengel, Mrs. Charles Emil Henry (Annie May Morris)","female",43,1,0,"11778",55.4417,"C116","C",1,-32.0672916408669,"1",1
"102","2","Weisz, Mr. Leopold","male",27,1,0,"228414",26,"","S",0,4.8208036101083,"0",0
"103","3","Foley, Mr. William","male",NA,0,0,"365235",7.75,"","Q",NA,-5.55288870056497,NA,NA
"104","3","Johansson Palmquist, Mr. Oskar Leander","male",26,0,0,"347070",7.775,"","S",0,-5.52788870056497,"0",0
"105","3","Thomas, Mrs. Alexander (Thamine Thelma"")""","female",16,1,1,"2625",8.5167,"","C",0,-4.78618870056497,"1",0
"106","3","Holthen, Mr. Johan Martin","male",28,0,0,"C 4001",22.525,"","S",0,9.22211129943503,"0",0
"107","3","Buckley, Mr. Daniel","male",21,0,0,"330920",7.8208,"","Q",0,-5.48208870056497,"0",0
"108","3","Ryan, Mr. Edward","male",NA,0,0,"383162",7.75,"","Q",NA,-5.55288870056497,NA,NA
"109","3","Willer, Mr. Aaron (Abi Weller"")""","male",NA,0,0,"3410",8.7125,"","S",NA,-4.59038870056497,NA,NA
"110","2","Swane, Mr. George","male",18.5,0,0,"248734",13,"F","S",0,-8.1791963898917,"0",0
"111","2","Stanton, Mr. Samuel Ward","male",41,0,0,"237734",15.0458,"","C",0,-6.1333963898917,"0",0
"112","3","Shine, Miss. Ellen Natalia","female",NA,0,0,"330968",7.7792,"","Q",NA,-5.52368870056497,NA,NA
"113","1","Evans, Miss. Edith Corse","female",36,0,0,"PC 17531",31.6792,"A29","C",1,-55.8297916408669,"1",1
"114","3","Buckley, Miss. Katherine","female",18.5,0,0,"329944",7.2833,"","Q",0,-6.01958870056497,"1",0
"115","1","Straus, Mrs. Isidor (Rosalie Ida Blun)","female",63,1,0,"PC 17483",221.7792,"C55 C57","S",1,134.270208359133,"1",1
"116","3","Chronopoulos, Mr. Demetrios","male",18,1,0,"2680",14.4542,"","C",0,1.15131129943503,"0",0
"117","3","Thomas, Mr. John","male",NA,0,0,"2681",6.4375,"","C",NA,-6.86538870056497,NA,NA
"118","3","Sandstrom, Miss. Beatrice Irene","female",1,1,1,"PP 9549",16.7,"G6","S",1,3.39711129943503,"1",1
"119","1","Beattie, Mr. Thomson","male",36,0,0,"13050",75.2417,"C6","C",0,-12.2672916408669,"0",0
"120","2","Chapman, Mrs. John Henry (Sara Elizabeth Lawry)","female",29,1,0,"SC/AH 29037",26,"","S",1,4.8208036101083,"1",1
"121","2","Watt, Miss. Bertha J","female",12,0,0,"C.A. 33595",15.75,"","S",1,-5.4291963898917,"1",1
"122","3","Kiernan, Mr. John","male",NA,1,0,"367227",7.75,"","Q",NA,-5.55288870056497,NA,NA
"123","1","Schabert, Mrs. Paul (Emma Mock)","female",35,1,0,"13236",57.75,"C28","C",1,-29.7589916408669,"1",1
"124","3","Carver, Mr. Alfred John","male",28,0,0,"392095",7.25,"","S",0,-6.05288870056497,"0",0
"125","3","Kennedy, Mr. John","male",NA,0,0,"368783",7.75,"","Q",NA,-5.55288870056497,NA,NA
"126","3","Cribb, Miss. Laura Alice","female",17,0,1,"371362",16.1,"","S",0,2.79711129943503,"1",0
"127","3","Brobeck, Mr. Karl Rudolf","male",22,0,0,"350045",7.7958,"","S",0,-5.50708870056497,"0",0
"128","3","McCoy, Miss. Alicia","female",NA,2,0,"367226",23.25,"","Q",NA,9.94711129943503,NA,NA
"129","2","Bowenur, Mr. Solomon","male",42,0,0,"211535",13,"","S",0,-8.1791963898917,"0",0
"130","3","Petersen, Mr. Marius","male",24,0,0,"342441",8.05,"","S",0,-5.25288870056497,"0",0
"131","3","Spinner, Mr. Henry John","male",32,0,0,"STON/OQ. 369943",8.05,"","S",0,-5.25288870056497,"0",0
"132","1","Gracie, Col. Archibald IV","male",53,0,0,"113780",28.5,"C51","C",0,-59.0089916408669,"0",0
"133","3","Lefebre, Mrs. Frank (Frances)","female",NA,0,4,"4133",25.4667,"","S",NA,12.163811299435,NA,NA
"134","3","Thomas, Mr. Charles P","male",NA,1,0,"2621",6.4375,"","C",NA,-6.86538870056497,NA,NA
"135","3","Dintcheff, Mr. Valtcho","male",43,0,0,"349226",7.8958,"","S",0,-5.40708870056497,"0",0
"136","3","Carlsson, Mr. Carl Robert","male",24,0,0,"350409",7.8542,"","S",0,-5.44868870056497,"0",0
"137","3","Zakarian, Mr. Mapriededer","male",26.5,0,0,"2656",7.225,"","C",0,-6.07788870056497,"0",0
"138","2","Schmidt, Mr. August","male",26,0,0,"248659",13,"","S",0,-8.1791963898917,"0",0
"139","3","Drapkin, Miss. Jennie","female",23,0,0,"SOTON/OQ 392083",8.05,"","S",0,-5.25288870056497,"0",0
"140","3","Goodwin, Mr. Charles Frederick","male",40,1,6,"CA 2144",46.9,"","S",0,33.597111299435,"0",0
"141","3","Goodwin, Miss. Jessie Allis","female",10,5,2,"CA 2144",46.9,"","S",1,33.597111299435,"0",1
"142","1","Daniels, Miss. Sarah","female",33,0,0,"113781",151.55,"","S",1,64.0410083591331,"1",1
"143","1","Ryerson, Mr. Arthur Larned","male",61,1,3,"PC 17608",262.375,"B57 B59 B63 B66","C",0,174.866008359133,"0",0
"144","2","Beauchamp, Mr. Henry James","male",28,0,0,"244358",26,"","S",0,4.8208036101083,"0",0
"145","1","Lindeberg-Lind, Mr. Erik Gustaf (Mr Edward Lingrey"")""","male",42,0,0,"17475",26.55,"","S",0,-60.9589916408669,"1",0
"146","3","Vander Planke, Mr. Julius","male",31,3,0,"345763",18,"","S",0,4.69711129943503,"0",0
"147","1","Hilliard, Mr. Herbert Henry","male",NA,0,0,"17463",51.8625,"E46","S",NA,-35.6464916408669,NA,NA
"148","3","Davies, Mr. Evan","male",22,0,0,"SC/A4 23568",8.05,"","S",0,-5.25288870056497,"0",0
"149","1","Crafton, Mr. John Bertram","male",NA,0,0,"113791",26.55,"","S",NA,-60.9589916408669,NA,NA
"150","2","Lahtinen, Rev. William","male",30,1,1,"250651",26,"","S",0,4.8208036101083,"0",0
"151","1","Earnshaw, Mrs. Boulton (Olive Potter)","female",23,0,1,"11767",83.1583,"C54","C",1,-4.35069164086687,"1",1
"152","3","Matinoff, Mr. Nicola","male",NA,0,0,"349255",7.8958,"","C",NA,-5.40708870056497,NA,NA
"153","3","Storey, Mr. Thomas","male",60.5,0,0,"3701",NA,"","S",NA,NA,NA,NA
"154","3","Klasen, Mrs. (Hulda Kristina Eugenia Lofqvist)","female",36,0,2,"350405",12.1833,"","S",0,-1.11958870056497,"1",0
"155","3","Asplund, Master. Filip Oscar","male",13,4,2,"347077",31.3875,"","S",0,18.084611299435,"0",0
"156","3","Duquemin, Mr. Joseph","male",24,0,0,"S.O./P.P. 752",7.55,"","S",0,-5.75288870056497,"0",0
"157","1","Bird, Miss. Ellen","female",29,0,0,"PC 17483",221.7792,"C97","S",1,134.270208359133,"1",1
"158","3","Lundin, Miss. Olga Elida","female",23,0,0,"347469",7.8542,"","S",0,-5.44868870056497,"1",0
"159","1","Borebank, Mr. John James","male",42,0,0,"110489",26.55,"D22","S",0,-60.9589916408669,"1",0
"160","3","Peacock, Mrs. Benjamin (Edith Nile)","female",26,0,2,"SOTON/O.Q. 3101315",13.775,"","S",0,0.472111299435028,"0",0
"161","3","Smyth, Miss. Julia","female",NA,0,0,"335432",7.7333,"","Q",NA,-5.56958870056497,NA,NA
"162","3","Touma, Master. Georges Youssef","male",7,1,1,"2650",15.2458,"","C",0,1.94291129943503,"1",0
"163","2","Wright, Miss. Marion","female",26,0,0,"220844",13.5,"","S",1,-7.6791963898917,"1",1
"164","3","Pearce, Mr. Ernest","male",NA,0,0,"343271",7,"","S",NA,-6.30288870056497,NA,NA
"165","2","Peruschitz, Rev. Joseph Maria","male",41,0,0,"237393",13,"","S",0,-8.1791963898917,"0",0
"166","3","Kink-Heilmann, Mrs. Anton (Luise Heilmann)","female",26,1,1,"315153",22.025,"","S",0,8.72211129943503,"1",0
"167","1","Brandeis, Mr. Emil","male",48,0,0,"PC 17591",50.4958,"B10","C",0,-37.0131916408669,"0",0
"168","3","Ford, Mr. Edward Watson","male",18,2,2,"W./C. 6608",34.375,"","S",0,21.072111299435,"0",0
"169","1","Cassebeer, Mrs. Henry Arthur Jr (Eleanor Genevieve Fosdick)","female",NA,0,0,"17770",27.7208,"","C",NA,-59.7881916408669,NA,NA
"170","3","Hellstrom, Miss. Hilda Maria","female",22,0,0,"7548",8.9625,"","S",0,-4.34038870056497,"0",0
"171","3","Lithman, Mr. Simon","male",NA,0,0,"S.O./P.P. 251",7.55,"","S",NA,-5.75288870056497,NA,NA
"172","3","Zakarian, Mr. Ortin","male",27,0,0,"2670",7.225,"","C",0,-6.07788870056497,"0",0
"173","3","Dyker, Mr. Adolf Fredrik","male",23,1,0,"347072",13.9,"","S",0,0.597111299435028,"0",0
"174","3","Torfa, Mr. Assad","male",NA,0,0,"2673",7.2292,"","C",NA,-6.07368870056497,NA,NA
"175","3","Asplund, Mr. Carl Oscar Vilhelm Gustafsson","male",40,1,5,"347077",31.3875,"","S",0,18.084611299435,"0",0
"176","2","Brown, Miss. Edith Eileen","female",15,0,2,"29750",39,"","S",1,17.8208036101083,"1",1
"177","2","Sincock, Miss. Maude","female",20,0,0,"C.A. 33112",36.75,"","S",1,15.5708036101083,"1",1
"178","1","Stengel, Mr. Charles Emil Henry","male",54,1,0,"11778",55.4417,"C116","C",0,-32.0672916408669,"0",0
"179","2","Becker, Mrs. Allen Oliver (Nellie E Baumgardner)","female",36,0,3,"230136",39,"F4","S",1,17.8208036101083,"1",1
"180","1","Compton, Mrs. Alexander Taylor (Mary Eliza Ingersoll)","female",64,0,2,"PC 17756",83.1583,"E45","C",1,-4.35069164086687,"1",1
"181","2","McCrie, Mr. James Matthew","male",30,0,0,"233478",13,"","S",0,-8.1791963898917,"0",0
"182","1","Compton, Mr. Alexander Taylor Jr","male",37,1,1,"PC 17756",83.1583,"E52","C",0,-4.35069164086687,"0",0
"183","1","Marvin, Mrs. Daniel Warner (Mary Graham Carmichael Farquarson)","female",18,1,0,"113773",53.1,"D30","S",1,-34.4089916408669,"1",1
"184","3","Lane, Mr. Patrick","male",NA,0,0,"7935",7.75,"","Q",NA,-5.55288870056497,NA,NA
"185","1","Douglas, Mrs. Frederick Charles (Mary Helene Baxter)","female",27,1,1,"PC 17558",247.5208,"B58 B60","C",1,160.011808359133,"1",1
"186","2","Maybery, Mr. Frank Hubert","male",40,0,0,"239059",16,"","S",0,-5.1791963898917,"0",0
"187","2","Phillips, Miss. Alice Frances Louisa","female",21,0,1,"S.O./P.P. 2",21,"","S",1,-0.179196389891697,"1",1
"188","3","Davies, Mr. Joseph","male",17,2,0,"A/4 48873",8.05,"","S",0,-5.25288870056497,"0",0
"189","3","Sage, Miss. Ada","female",NA,8,2,"CA. 2343",69.55,"","S",NA,56.247111299435,NA,NA
"190","2","Veal, Mr. James","male",40,0,0,"28221",13,"","S",0,-8.1791963898917,"0",0
"191","2","Angle, Mr. William A","male",34,1,0,"226875",26,"","S",0,4.8208036101083,"0",0
"192","1","Salomon, Mr. Abraham L","male",NA,0,0,"111163",26,"","S",NA,-61.5089916408669,NA,NA
"193","3","van Billiard, Master. Walter John","male",11.5,1,1,"A/5. 851",14.5,"","S",0,1.19711129943503,"1",0
"194","2","Lingane, Mr. John","male",61,0,0,"235509",12.35,"","Q",0,-8.8291963898917,"0",0
"195","2","Drew, Master. Marshall Brines","male",8,0,2,"28220",32.5,"","S",0,11.3208036101083,"1",0
"196","3","Karlsson, Mr. Julius Konrad Eugen","male",33,0,0,"347465",7.8542,"","S",0,-5.44868870056497,"0",0
"197","1","Spedden, Master. Robert Douglas","male",6,0,2,"16966",134.5,"E34","C",1,46.9910083591331,"1",1
"198","3","Nilsson, Miss. Berta Olivia","female",18,0,0,"347066",7.775,"","S",0,-5.52788870056497,"1",0
"199","2","Baimbrigge, Mr. Charles Robert","male",23,0,0,"C.A. 31030",10.5,"","S",0,-10.6791963898917,"0",0
"200","3","Rasmussen, Mrs. (Lena Jacobsen Solvang)","female",NA,0,0,"65305",8.1125,"","S",NA,-5.19038870056497,NA,NA
"201","3","Murphy, Miss. Nora","female",NA,0,0,"36568",15.5,"","Q",NA,2.19711129943503,NA,NA
"202","3","Danbom, Master. Gilbert Sigvard Emanuel","male",0.33,0,2,"347080",14.4,"","S",0,1.09711129943503,"1",0
"203","1","Astor, Col. John Jacob","male",47,1,0,"PC 17757",227.525,"C62 C64","C",0,140.016008359133,"0",0
"204","2","Quick, Miss. Winifred Vera","female",8,1,1,"26360",26,"","S",1,4.8208036101083,"1",1
"205","2","Andrew, Mr. Frank Thomas","male",25,0,0,"C.A. 34050",10.5,"","S",0,-10.6791963898917,"0",0
"206","1","Omont, Mr. Alfred Fernand","male",NA,0,0,"F.C. 12998",25.7417,"","C",NA,-61.7672916408669,NA,NA
"207","3","McGowan, Miss. Katherine","female",35,0,0,"9232",7.75,"","Q",0,-5.55288870056497,"1",0
"208","2","Collett, Mr. Sidney C Stuart","male",24,0,0,"28034",10.5,"","S",0,-10.6791963898917,"0",0
"209","1","Rosenbaum, Miss. Edith Louise","female",33,0,0,"PC 17613",27.7208,"A11","C",1,-59.7881916408669,"1",1
"210","3","Delalic, Mr. Redjo","male",25,0,0,"349250",7.8958,"","S",0,-5.40708870056497,"0",0
"211","3","Andersen, Mr. Albert Karvin","male",32,0,0,"C 4001",22.525,"","S",0,9.22211129943503,"0",0
"212","3","Finoli, Mr. Luigi","male",NA,0,0,"SOTON/O.Q. 3101308",7.05,"","S",NA,-6.25288870056497,NA,NA
"213","2","Deacon, Mr. Percy William","male",17,0,0,"S.O.C. 14879",73.5,"","S",0,52.3208036101083,"0",0
"214","2","Howard, Mrs. Benjamin (Ellen Truelove Arman)","female",60,1,0,"24065",26,"","S",0,4.8208036101083,"1",0
"215","3","Andersson, Miss. Ida Augusta Margareta","female",38,4,2,"347091",7.775,"","S",0,-5.52788870056497,"1",0
"216","1","Head, Mr. Christopher","male",42,0,0,"113038",42.5,"B11","S",0,-45.0089916408669,"0",0
"217","3","Mahon, Miss. Bridget Delia","female",NA,0,0,"330924",7.8792,"","Q",NA,-5.42368870056497,NA,NA
"218","1","Wick, Mr. George Dennick","male",57,1,1,"36928",164.8667,"","S",0,77.3577083591331,"0",0
"219","1","Widener, Mrs. George Dunton (Eleanor Elkins)","female",50,1,1,"113503",211.5,"C80","C",1,123.991008359133,"1",1
"220","3","Thomson, Mr. Alexander Morrison","male",NA,0,0,"32302",8.05,"","S",NA,-5.25288870056497,NA,NA
"221","2","Duran y More, Miss. Florentina","female",30,1,0,"SC/PARIS 2148",13.8583,"","C",1,-7.3208963898917,"1",1
"222","3","Reynolds, Mr. Harold J","male",21,0,0,"342684",8.05,"","S",0,-5.25288870056497,"0",0
"223","2","Cook, Mrs. (Selena Rogers)","female",22,0,0,"W./C. 14266",10.5,"F33","S",1,-10.6791963898917,"1",1
"224","3","Karlsson, Mr. Einar Gervasius","male",21,0,0,"350053",7.7958,"","S",0,-5.50708870056497,"0",0
"225","1","Candee, Mrs. Edward (Helen Churchill Hungerford)","female",53,0,0,"PC 17606",27.4458,"","C",1,-60.0631916408669,"1",1
"226","3","Moubarek, Mrs. George (Omine Amenia"" Alexander)""","female",NA,0,2,"2661",15.2458,"","C",NA,1.94291129943503,NA,NA
"227","3","Asplund, Mr. Johan Charles","male",23,0,0,"350054",7.7958,"","S",0,-5.50708870056497,"0",0
"228","3","McNeill, Miss. Bridget","female",NA,0,0,"370368",7.75,"","Q",NA,-5.55288870056497,NA,NA
"229","3","Everett, Mr. Thomas James","male",40.5,0,0,"C.A. 6212",15.1,"","S",0,1.79711129943503,"0",0
"230","2","Hocking, Mr. Samuel James Metcalfe","male",36,0,0,"242963",13,"","S",0,-8.1791963898917,"0",0
"231","2","Sweet, Mr. George Frederick","male",14,0,0,"220845",65,"","S",0,43.8208036101083,"0",0
"232","1","Willard, Miss. Constance","female",21,0,0,"113795",26.55,"","S",1,-60.9589916408669,"1",1
"233","3","Wiklund, Mr. Karl Johan","male",21,1,0,"3101266",6.4958,"","S",0,-6.80708870056497,"0",0
"234","3","Linehan, Mr. Michael","male",NA,0,0,"330971",7.8792,"","Q",NA,-5.42368870056497,NA,NA
"235","1","Cumings, Mr. John Bradley","male",39,1,0,"PC 17599",71.2833,"C85","C",0,-16.2256916408669,"0",0
"236","3","Vendel, Mr. Olof Edvin","male",20,0,0,"350416",7.8542,"","S",0,-5.44868870056497,"0",0
"237","1","Warren, Mr. Frank Manley","male",64,1,0,"110813",75.25,"D37","C",0,-12.2589916408669,"0",0
"238","3","Baccos, Mr. Raffull","male",20,0,0,"2679",7.225,"","C",0,-6.07788870056497,"0",0
"239","2","Hiltunen, Miss. Marta","female",18,1,1,"250650",13,"","S",1,-8.1791963898917,"1",1
"240","1","Douglas, Mrs. Walter Donald (Mahala Dutton)","female",48,1,0,"PC 17761",106.425,"C86","C",1,18.9160083591331,"1",1
"241","1","Lindstrom, Mrs. Carl Johan (Sigrid Posse)","female",55,0,0,"112377",27.7208,"","C",1,-59.7881916408669,"1",1
"242","2","Christy, Mrs. (Alice Frances)","female",45,0,2,"237789",30,"","S",0,8.8208036101083,"1",0
"243","1","Spedden, Mr. Frederic Oakley","male",45,1,1,"16966",134.5,"E34","C",0,46.9910083591331,"0",0
"244","3","Hyman, Mr. Abraham","male",NA,0,0,"3470",7.8875,"","S",NA,-5.41538870056497,NA,NA
"245","3","Johnston, Master. William Arthur Willie""""","male",NA,1,2,"W./C. 6607",23.45,"","S",NA,10.147111299435,NA,NA
"246","1","Kenyon, Mr. Frederick R","male",41,1,0,"17464",51.8625,"D21","S",0,-35.6464916408669,"0",0
"247","2","Karnes, Mrs. J Frank (Claire Bennett)","female",22,0,0,"F.C.C. 13534",21,"","S",1,-0.179196389891697,"1",1
"248","2","Drew, Mr. James Vivian","male",42,1,1,"28220",32.5,"","S",0,11.3208036101083,"0",0
"249","2","Hold, Mrs. Stephen (Annie Margaret Hill)","female",29,1,0,"26707",26,"","S",1,4.8208036101083,"1",1
"250","3","Khalil, Mrs. Betros (Zahie Maria"" Elias)""","female",NA,1,0,"2660",14.4542,"","C",NA,1.15131129943503,NA,NA
"251","2","West, Miss. Barbara J","female",0.92,1,2,"C.A. 34651",27.75,"","S",1,6.5708036101083,"1",1
"252","3","Abrahamsson, Mr. Abraham August Johannes","male",20,0,0,"SOTON/O2 3101284",7.925,"","S",0,-5.37788870056497,"0",0
"253","1","Clark, Mr. Walter Miller","male",27,1,0,"13508",136.7792,"C89","C",0,49.2702083591331,"0",0
"254","3","Salander, Mr. Karl Johan","male",24,0,0,"7266",9.325,"","S",0,-3.97788870056497,"0",0
"255","3","Wenzel, Mr. Linhart","male",32.5,0,0,"345775",9.5,"","S",0,-3.80288870056497,"0",0
"256","3","MacKay, Mr. George William","male",NA,0,0,"C.A. 42795",7.55,"","S",NA,-5.75288870056497,NA,NA
"257","3","Mahon, Mr. John","male",NA,0,0,"AQ/4 3130",7.75,"","Q",NA,-5.55288870056497,NA,NA
"258","3","Niklasson, Mr. Samuel","male",28,0,0,"363611",8.05,"","S",0,-5.25288870056497,"0",0
"259","2","Bentham, Miss. Lilian W","female",19,0,0,"28404",13,"","S",1,-8.1791963898917,"1",1
"260","3","Midtsjo, Mr. Karl Albert","male",21,0,0,"345501",7.775,"","S",0,-5.52788870056497,"0",0
"261","3","de Messemaeker, Mr. Guillaume Joseph","male",36.5,1,0,"345572",17.4,"","S",0,4.09711129943503,"0",0
"262","3","Nilsson, Mr. August Ferdinand","male",21,0,0,"350410",7.8542,"","S",0,-5.44868870056497,"0",0
"263","2","Wells, Mrs. Arthur Henry (Addie"" Dart Trevaskis)""","female",29,0,2,"29103",23,"","S",1,1.8208036101083,"1",1
"264","3","Klasen, Miss. Gertrud Emilia","female",1,1,1,"350405",12.1833,"","S",1,-1.11958870056497,"1",1
"265","2","Portaluppi, Mr. Emilio Ilario Giuseppe","male",30,0,0,"C.A. 34644",12.7375,"","C",0,-8.4416963898917,"0",0
"266","3","Lyntakoff, Mr. Stanko","male",NA,0,0,"349235",7.8958,"","S",NA,-5.40708870056497,NA,NA
"267","1","Chisholm, Mr. Roderick Robert Crispin","male",NA,0,0,"112051",0,"","S",NA,-87.5089916408669,NA,NA
"268","3","Warren, Mr. Charles William","male",NA,0,0,"C.A. 49867",7.55,"","S",NA,-5.75288870056497,NA,NA
"269","3","Howard, Miss. May Elizabeth","female",NA,0,0,"A. 2. 39186",8.05,"","S",NA,-5.25288870056497,NA,NA
"270","3","Pokrnic, Mr. Mate","male",17,0,0,"315095",8.6625,"","S",0,-4.64038870056497,"0",0
"271","1","McCaffry, Mr. Thomas Francis","male",46,0,0,"13050",75.2417,"C6","C",0,-12.2672916408669,"0",0
"272","3","Fox, Mr. Patrick","male",NA,0,0,"368573",7.75,"","Q",NA,-5.55288870056497,NA,NA
"273","1","Clark, Mrs. Walter Miller (Virginia McDowell)","female",26,1,0,"13508",136.7792,"C89","C",1,49.2702083591331,"1",1
"274","3","Lennon, Miss. Mary","female",NA,1,0,"370371",15.5,"","Q",NA,2.19711129943503,NA,NA
"275","3","Saade, Mr. Jean Nassr","male",NA,0,0,"2676",7.225,"","C",NA,-6.07788870056497,NA,NA
"276","2","Bryhl, Miss. Dagmar Jenny Ingeborg ","female",20,1,0,"236853",26,"","S",1,4.8208036101083,"1",1
"277","2","Parker, Mr. Clifford Richard","male",28,0,0,"SC 14888",10.5,"","S",0,-10.6791963898917,"0",0
"278","2","Faunthorpe, Mr. Harry","male",40,1,0,"2926",26,"","S",0,4.8208036101083,"0",0
"279","2","Ware, Mr. John James","male",30,1,0,"CA 31352",21,"","S",0,-0.179196389891697,"0",0
"280","2","Oxenham, Mr. Percy Thomas","male",22,0,0,"W./C. 14260",10.5,"","S",0,-10.6791963898917,"0",0
"281","3","Oreskovic, Miss. Jelka","female",23,0,0,"315085",8.6625,"","S",0,-4.64038870056497,"0",0
"282","3","Peacock, Master. Alfred Edward","male",0.75,1,1,"SOTON/O.Q. 3101315",13.775,"","S",0,0.472111299435028,"1",0
"283","3","Fleming, Miss. Honora","female",NA,0,0,"364859",7.75,"","Q",NA,-5.55288870056497,NA,NA
"284","3","Touma, Miss. Maria Youssef","female",9,1,1,"2650",15.2458,"","C",1,1.94291129943503,"0",1
"285","3","Rosblom, Miss. Salli Helena","female",2,1,1,"370129",20.2125,"","S",1,6.90961129943503,"1",1
"286","3","Dennis, Mr. William","male",36,0,0,"A/5 21175",7.25,"","S",0,-6.05288870056497,"0",0
"287","3","Franklin, Mr. Charles (Charles Fardon)","male",NA,0,0,"SOTON/O.Q. 3101314",7.25,"","S",NA,-6.05288870056497,NA,NA
"288","1","Snyder, Mr. John Pillsbury","male",24,1,0,"21228",82.2667,"B45","S",0,-5.24229164086687,"0",0
"289","3","Mardirosian, Mr. Sarkis","male",NA,0,0,"2655",7.2292,"F E46","C",NA,-6.07368870056497,NA,NA
"290","3","Ford, Mr. Arthur","male",NA,0,0,"A/5 1478",8.05,"","S",NA,-5.25288870056497,NA,NA
"291","1","Rheims, Mr. George Alexander Lucien","male",NA,0,0,"PC 17607",39.6,"","S",NA,-47.9089916408669,NA,NA
"292","3","Daly, Miss. Margaret Marcella Maggie""""","female",30,0,0,"382650",6.95,"","Q",0,-6.35288870056497,"0",0
"293","3","Nasr, Mr. Mustafa","male",NA,0,0,"2652",7.2292,"","C",NA,-6.07368870056497,NA,NA
"294","1","Dodge, Dr. Washington","male",53,1,1,"33638",81.8583,"A34","S",0,-5.65069164086687,"0",0
"295","3","Wittevrongel, Mr. Camille","male",36,0,0,"345771",9.5,"","S",0,-3.80288870056497,"0",0
"296","3","Angheloff, Mr. Minko","male",26,0,0,"349202",7.8958,"","S",0,-5.40708870056497,"0",0
"297","2","Laroche, Miss. Louise","female",1,1,2,"SC/Paris 2123",41.5792,"","C",1,20.4000036101083,"1",1
"298","3","Samaan, Mr. Hanna","male",NA,2,0,"2662",21.6792,"","C",NA,8.37631129943503,NA,NA
"299","1","Loring, Mr. Joseph Holland","male",30,0,0,"113801",45.5,"","S",0,-42.0089916408669,"0",0
"300","3","Johansson, Mr. Nils","male",29,0,0,"347467",7.8542,"","S",0,-5.44868870056497,"0",0
"301","3","Olsson, Mr. Oscar Wilhelm","male",32,0,0,"347079",7.775,"","S",0,-5.52788870056497,"0",0
"302","2","Malachard, Mr. Noel","male",NA,0,0,"237735",15.0458,"D","C",NA,-6.1333963898917,NA,NA
"303","2","Phillips, Mr. Escott Robert","male",43,0,1,"S.O./P.P. 2",21,"","S",0,-0.179196389891697,"0",0
"304","3","Pokrnic, Mr. Tome","male",24,0,0,"315092",8.6625,"","S",0,-4.64038870056497,"0",0
"305","3","McCarthy, Miss. Catherine Katie""""","female",NA,0,0,"383123",7.75,"","Q",NA,-5.55288870056497,NA,NA
"306","1","Crosby, Mrs. Edward Gifford (Catherine Elizabeth Halstead)","female",64,1,1,"112901",26.55,"B26","S",1,-60.9589916408669,"1",1
"307","1","Allison, Mr. Hudson Joshua Creighton","male",30,1,2,"113781",151.55,"C22 C26","S",0,64.0410083591331,"0",0
"308","3","Aks, Master. Philip Frank","male",0.83,0,1,"392091",9.35,"","S",0,-3.95288870056497,"1",0
"309","1","Hays, Mr. Charles Melville","male",55,1,1,"12749",93.5,"B69","S",0,5.99100835913313,"0",0
"310","3","Hansen, Mrs. Claus Peter (Jennie L Howard)","female",45,1,0,"350026",14.1083,"","S",0,0.805411299435027,"0",0
"311","3","Cacic, Mr. Jego Grga","male",18,0,0,"315091",8.6625,"","S",0,-4.64038870056497,"0",0
"312","3","Vartanian, Mr. David","male",22,0,0,"2658",7.225,"","C",0,-6.07788870056497,"0",0
"313","3","Sadowitz, Mr. Harry","male",NA,0,0,"LP 1588",7.575,"","S",NA,-5.72788870056497,NA,NA
"314","3","Carr, Miss. Jeannie","female",37,0,0,"368364",7.75,"","Q",0,-5.55288870056497,"1",0
"315","1","White, Mrs. John Stuart (Ella Holmes)","female",55,0,0,"PC 17760",135.6333,"C32","C",1,48.1243083591331,"1",1
"316","3","Hagardon, Miss. Kate","female",17,0,0,"AQ/3. 30631",7.7333,"","Q",0,-5.56958870056497,"1",0
"317","1","Spencer, Mr. William Augustus","male",57,1,0,"PC 17569",146.5208,"B78","C",0,59.0118083591331,"0",0
"318","2","Rogers, Mr. Reginald Harry","male",19,0,0,"28004",10.5,"","S",0,-10.6791963898917,"0",0
"319","3","Jonsson, Mr. Nils Hilding","male",27,0,0,"350408",7.8542,"","S",0,-5.44868870056497,"0",0
"320","2","Jefferys, Mr. Ernest Wilfred","male",22,2,0,"C.A. 31029",31.5,"","S",0,10.3208036101083,"0",0
"321","3","Andersson, Mr. Johan Samuel","male",26,0,0,"347075",7.775,"","S",0,-5.52788870056497,"0",0
"322","3","Krekorian, Mr. Neshan","male",25,0,0,"2654",7.2292,"F E57","C",0,-6.07368870056497,"0",0
"323","2","Nesson, Mr. Israel","male",26,0,0,"244368",13,"F2","S",0,-8.1791963898917,"0",0
"324","1","Rowe, Mr. Alfred G","male",33,0,0,"113790",26.55,"","S",0,-60.9589916408669,"1",0
"325","1","Kreuchen, Miss. Emilie","female",39,0,0,"24160",211.3375,"","S",1,123.828508359133,"1",1
"326","3","Assam, Mr. Ali","male",23,0,0,"SOTON/O.Q. 3101309",7.05,"","S",0,-6.25288870056497,"0",0
"327","2","Becker, Miss. Ruth Elizabeth","female",12,2,1,"230136",39,"F4","S",1,17.8208036101083,"1",1
"328","1","Rosenshine, Mr. George (Mr George Thorne"")""","male",46,0,0,"PC 17585",79.2,"","C",0,-8.30899164086686,"0",0
"329","2","Clarke, Mr. Charles Valentine","male",29,1,0,"2003",26,"","S",0,4.8208036101083,"0",0
"330","2","Enander, Mr. Ingvar","male",21,0,0,"236854",13,"","S",0,-8.1791963898917,"0",0
"331","2","Davies, Mrs. John Morgan (Elizabeth Agnes Mary White) ","female",48,0,2,"C.A. 33112",36.75,"","S",0,15.5708036101083,"1",0
"332","1","Dulles, Mr. William Crothers","male",39,0,0,"PC 17580",29.7,"A18","C",0,-57.8089916408669,"0",0
"333","3","Thomas, Mr. Tannous","male",NA,0,0,"2684",7.225,"","C",NA,-6.07788870056497,NA,NA
"334","3","Nakid, Mrs. Said (Waika Mary"" Mowad)""","female",19,1,1,"2653",15.7417,"","C",0,2.43881129943503,"1",0
"335","3","Cor, Mr. Ivan","male",27,0,0,"349229",7.8958,"","S",0,-5.40708870056497,"0",0
"336","1","Maguire, Mr. John Edward","male",30,0,0,"110469",26,"C106","S",0,-61.5089916408669,"0",0
"337","2","de Brito, Mr. Jose Joaquim","male",32,0,0,"244360",13,"","S",0,-8.1791963898917,"0",0
"338","3","Elias, Mr. Joseph","male",39,0,2,"2675",7.2292,"","C",0,-6.07368870056497,"0",0
"339","2","Denbury, Mr. Herbert","male",25,0,0,"C.A. 31029",31.5,"","S",0,10.3208036101083,"0",0
"340","3","Betros, Master. Seman","male",NA,0,0,"2622",7.2292,"","C",NA,-6.07368870056497,NA,NA
"341","2","Fillbrook, Mr. Joseph Charles","male",18,0,0,"C.A. 15185",10.5,"","S",0,-10.6791963898917,"0",0
"342","3","Lundstrom, Mr. Thure Edvin","male",32,0,0,"350403",7.5792,"","S",0,-5.72368870056497,"0",0
"343","3","Sage, Mr. John George","male",NA,1,9,"CA. 2343",69.55,"","S",NA,56.247111299435,NA,NA
"344","1","Cardeza, Mrs. James Warburton Martinez (Charlotte Wardle Drake)","female",58,0,1,"PC 17755",512.3292,"B51 B53 B55","C",1,424.820208359133,"1",1
"345","3","van Billiard, Master. James William","male",NA,1,1,"A/5. 851",14.5,"","S",NA,1.19711129943503,NA,NA
"346","3","Abelseth, Miss. Karen Marie","female",16,0,0,"348125",7.65,"","S",0,-5.65288870056497,"1",0
"347","2","Botsford, Mr. William Hull","male",26,0,0,"237670",13,"","S",0,-8.1791963898917,"0",0
"348","3","Whabee, Mrs. George Joseph (Shawneene Abi-Saab)","female",38,0,0,"2688",7.2292,"","C",0,-6.07368870056497,"1",0
"349","2","Giles, Mr. Ralph","male",24,0,0,"248726",13.5,"","S",0,-7.6791963898917,"0",0
"350","2","Walcroft, Miss. Nellie","female",31,0,0,"F.C.C. 13528",21,"","S",1,-0.179196389891697,"1",1
"351","1","Greenfield, Mrs. Leo David (Blanche Strouse)","female",45,0,1,"PC 17759",63.3583,"D10 D12","C",1,-24.1506916408669,"1",1
"352","2","Stokes, Mr. Philip Joseph","male",25,0,0,"F.C.C. 13540",10.5,"","S",0,-10.6791963898917,"0",0
"353","2","Dibden, Mr. William","male",18,0,0,"S.O.C. 14879",73.5,"","S",0,52.3208036101083,"0",0
"354","2","Herman, Mr. Samuel","male",49,1,2,"220845",65,"","S",0,43.8208036101083,"0",0
"355","3","Dean, Miss. Elizabeth Gladys Millvina""""","female",0.17,1,2,"C.A. 2315",20.575,"","S",1,7.27211129943503,"1",1
"356","1","Julian, Mr. Henry Forbes","male",50,0,0,"113044",26,"E60","S",0,-61.5089916408669,"0",0
"357","1","Brown, Mrs. John Murray (Caroline Lane Lamson)","female",59,2,0,"11769",51.4792,"C101","S",1,-36.0297916408669,"1",1
"358","3","Lockyer, Mr. Edward","male",NA,0,0,"1222",7.8792,"","S",NA,-5.42368870056497,NA,NA
"359","3","O'Keefe, Mr. Patrick","male",NA,0,0,"368402",7.75,"","Q",NA,-5.55288870056497,NA,NA
"360","3","Lindell, Mrs. Edvard Bengtsson (Elin Gerda Persson)","female",30,1,0,"349910",15.55,"","S",0,2.24711129943503,"1",0
"361","3","Sage, Master. William Henry","male",14.5,8,2,"CA. 2343",69.55,"","S",0,56.247111299435,"0",0
"362","2","Mallet, Mrs. Albert (Antoinette Magnin)","female",24,1,1,"S.C./PARIS 2079",37.0042,"","C",1,15.8250036101083,"1",1
"363","2","Ware, Mrs. John James (Florence Louise Long)","female",31,0,0,"CA 31352",21,"","S",1,-0.179196389891697,"1",1
"364","3","Strilic, Mr. Ivan","male",27,0,0,"315083",8.6625,"","S",0,-4.64038870056497,"0",0
"365","1","Harder, Mrs. George Achilles (Dorothy Annan)","female",25,1,0,"11765",55.4417,"E50","C",1,-32.0672916408669,"1",1
"366","3","Sage, Mrs. John (Annie Bullen)","female",NA,1,9,"CA. 2343",69.55,"","S",NA,56.247111299435,NA,NA
"367","3","Caram, Mr. Joseph","male",NA,1,0,"2689",14.4583,"","C",NA,1.15541129943503,NA,NA
"368","3","Riihivouri, Miss. Susanna Juhantytar Sanni""""","female",22,0,0,"3101295",39.6875,"","S",0,26.384611299435,"0",0
"369","1","Gibson, Mrs. Leonard (Pauline C Boeson)","female",45,0,1,"112378",59.4,"","C",1,-28.1089916408669,"1",1
"370","2","Pallas y Castello, Mr. Emilio","male",29,0,0,"SC/PARIS 2147",13.8583,"","C",0,-7.3208963898917,"0",0
"371","2","Giles, Mr. Edgar","male",21,1,0,"28133",11.5,"","S",0,-9.6791963898917,"0",0
"372","1","Wilson, Miss. Helen Alice","female",31,0,0,"16966",134.5,"E39 E41","C",1,46.9910083591331,"1",1
"373","1","Ismay, Mr. Joseph Bruce","male",49,0,0,"112058",0,"B52 B54 B56","S",0,-87.5089916408669,"0",0
"374","2","Harbeck, Mr. William H","male",44,0,0,"248746",13,"","S",0,-8.1791963898917,"0",0
"375","1","Dodge, Mrs. Washington (Ruth Vidaver)","female",54,1,1,"33638",81.8583,"A34","S",1,-5.65069164086687,"1",1
"376","1","Bowen, Miss. Grace Scott","female",45,0,0,"PC 17608",262.375,"","C",1,174.866008359133,"1",1
"377","3","Kink, Miss. Maria","female",22,2,0,"315152",8.6625,"","S",0,-4.64038870056497,"0",0
"378","2","Cotterill, Mr. Henry Harry""""","male",21,0,0,"29107",11.5,"","S",0,-9.6791963898917,"0",0
"379","1","Hipkins, Mr. William Edward","male",55,0,0,"680",50,"C39","S",0,-37.5089916408669,"0",0
"380","3","Asplund, Master. Carl Edgar","male",5,4,2,"347077",31.3875,"","S",0,18.084611299435,"0",0
"381","3","O'Connor, Mr. Patrick","male",NA,0,0,"366713",7.75,"","Q",NA,-5.55288870056497,NA,NA
"382","3","Foley, Mr. Joseph","male",26,0,0,"330910",7.8792,"","Q",0,-5.42368870056497,"0",0
"383","3","Risien, Mrs. Samuel (Emma)","female",NA,0,0,"364498",14.5,"","S",NA,1.19711129943503,NA,NA
"384","3","McNamee, Mrs. Neal (Eileen O'Leary)","female",19,1,0,"376566",16.1,"","S",0,2.79711129943503,"1",0
"385","2","Wheeler, Mr. Edwin Frederick""""","male",NA,0,0,"SC/PARIS 2159",12.875,"","S",NA,-8.3041963898917,NA,NA
"386","2","Herman, Miss. Kate","female",24,1,2,"220845",65,"","S",1,43.8208036101083,"1",1
"387","3","Aronsson, Mr. Ernst Axel Algot","male",24,0,0,"349911",7.775,"","S",0,-5.52788870056497,"0",0
"388","2","Ashby, Mr. John","male",57,0,0,"244346",13,"","S",0,-8.1791963898917,"0",0
"389","3","Canavan, Mr. Patrick","male",21,0,0,"364858",7.75,"","Q",0,-5.55288870056497,"0",0
"390","3","Palsson, Master. Paul Folke","male",6,3,1,"349909",21.075,"","S",0,7.77211129943503,"0",0
"391","1","Payne, Mr. Vivian Ponsonby","male",23,0,0,"12749",93.5,"B24","S",0,5.99100835913313,"0",0
"392","1","Lines, Mrs. Ernest H (Elizabeth Lindsey James)","female",51,0,1,"PC 17592",39.4,"D28","S",1,-48.1089916408669,"1",1
"393","3","Abbott, Master. Eugene Joseph","male",13,0,2,"C.A. 2673",20.25,"","S",0,6.94711129943503,"0",0
"394","2","Gilbert, Mr. William","male",47,0,0,"C.A. 30769",10.5,"","S",0,-10.6791963898917,"0",0
"395","3","Kink-Heilmann, Mr. Anton","male",29,3,1,"315153",22.025,"","S",0,8.72211129943503,"0",0
"396","1","Smith, Mrs. Lucien Philip (Mary Eloise Hughes)","female",18,1,0,"13695",60,"C31","S",1,-27.5089916408669,"1",1
"397","3","Colbert, Mr. Patrick","male",24,0,0,"371109",7.25,"","Q",0,-6.05288870056497,"0",0
"398","1","Frolicher-Stehli, Mrs. Maxmillian (Margaretha Emerentia Stehli)","female",48,1,1,"13567",79.2,"B41","C",1,-8.30899164086686,"1",1
"399","3","Larsson-Rondberg, Mr. Edvard A","male",22,0,0,"347065",7.775,"","S",0,-5.52788870056497,"0",0
"400","3","Conlon, Mr. Thomas Henry","male",31,0,0,"21332",7.7333,"","Q",0,-5.56958870056497,"0",0
"401","1","Bonnell, Miss. Caroline","female",30,0,0,"36928",164.8667,"C7","S",1,77.3577083591331,"1",1
"402","2","Gale, Mr. Harry","male",38,1,0,"28664",21,"","S",0,-0.179196389891697,"0",0
"403","1","Gibson, Miss. Dorothy Winifred","female",22,0,1,"112378",59.4,"","C",1,-28.1089916408669,"1",1
"404","1","Carrau, Mr. Jose Pedro","male",17,0,0,"113059",47.1,"","S",0,-40.4089916408669,"0",0
"405","1","Frauenthal, Mr. Isaac Gerald","male",43,1,0,"17765",27.7208,"D40","C",0,-59.7881916408669,"0",0
"406","2","Nourney, Mr. Alfred (Baron von Drachstedt"")""","male",20,0,0,"SC/PARIS 2166",13.8625,"D38","C",0,-7.3166963898917,"0",0
"407","2","Ware, Mr. William Jeffery","male",23,1,0,"28666",10.5,"","S",0,-10.6791963898917,"0",0
"408","1","Widener, Mr. George Dunton","male",50,1,1,"113503",211.5,"C80","C",0,123.991008359133,"0",0
"409","3","Riordan, Miss. Johanna Hannah""""","female",NA,0,0,"334915",7.7208,"","Q",NA,-5.58208870056497,NA,NA
"410","3","Peacock, Miss. Treasteall","female",3,1,1,"SOTON/O.Q. 3101315",13.775,"","S",1,0.472111299435028,"1",1
"411","3","Naughton, Miss. Hannah","female",NA,0,0,"365237",7.75,"","Q",NA,-5.55288870056497,NA,NA
"412","1","Minahan, Mrs. William Edward (Lillian E Thorpe)","female",37,1,0,"19928",90,"C78","Q",1,2.49100835913313,"1",1
"413","3","Henriksson, Miss. Jenny Lovisa","female",28,0,0,"347086",7.775,"","S",0,-5.52788870056497,"0",0
"414","3","Spector, Mr. Woolf","male",NA,0,0,"A.5. 3236",8.05,"","S",NA,-5.25288870056497,NA,NA
"415","1","Oliva y Ocana, Dona. Fermina","female",39,0,0,"PC 17758",108.9,"C105","C",1,21.3910083591331,"1",1
"416","3","Saether, Mr. Simon Sivertsen","male",38.5,0,0,"SOTON/O.Q. 3101262",7.25,"","S",0,-6.05288870056497,"0",0
"417","3","Ware, Mr. Frederick","male",NA,0,0,"359309",8.05,"","S",NA,-5.25288870056497,NA,NA
"418","3","Peter, Master. Michael J","male",NA,1,1,"2668",22.3583,"","C",NA,9.05541129943503,NA,NA
